<?xml version="1.0" encoding="UTF-8"?>
<root>
  <item name="com.google.android.material.snackbar.BaseTransientBottomBar B setDuration(int) 0">
    <annotation name="androidx.annotation.IntDef">
      <val name="value" val="{com.google.android.material.snackbar.BaseTransientBottomBar.LENGTH_INDEFINITE, com.google.android.material.snackbar.BaseTransientBottomBar.LENGTH_SHORT, com.google.android.material.snackbar.BaseTransientBottomBar.LENGTH_LONG}" />
    </annotation>
    <annotation name="androidx.annotation.IntRange">
      <val name="from" val="1" />
    </annotation>
  </item>
  <item name="com.google.android.material.snackbar.BaseTransientBottomBar int getDuration()">
    <annotation name="androidx.annotation.IntDef">
      <val name="value" val="{com.google.android.material.snackbar.BaseTransientBottomBar.LENGTH_INDEFINITE, com.google.android.material.snackbar.BaseTransientBottomBar.LENGTH_SHORT, com.google.android.material.snackbar.BaseTransientBottomBar.LENGTH_LONG}" />
    </annotation>
    <annotation name="androidx.annotation.IntRange">
      <val name="from" val="1" />
    </annotation>
  </item>
  <item name="com.google.android.material.snackbar.BaseTransientBottomBar void dispatchDismiss(int) 0">
    <annotation name="androidx.annotation.IntDef">
      <val name="value" val="{com.google.android.material.snackbar.BaseTransientBottomBar.BaseCallback.DISMISS_EVENT_SWIPE, com.google.android.material.snackbar.BaseTransientBottomBar.BaseCallback.DISMISS_EVENT_ACTION, com.google.android.material.snackbar.BaseTransientBottomBar.BaseCallback.DISMISS_EVENT_TIMEOUT, com.google.android.material.snackbar.BaseTransientBottomBar.BaseCallback.DISMISS_EVENT_MANUAL, com.google.android.material.snackbar.BaseTransientBottomBar.BaseCallback.DISMISS_EVENT_CONSECUTIVE}" />
    </annotation>
  </item>
  <item name="com.google.android.material.snackbar.BaseTransientBottomBar void hideView(int) 0">
    <annotation name="androidx.annotation.IntDef">
      <val name="value" val="{com.google.android.material.snackbar.BaseTransientBottomBar.BaseCallback.DISMISS_EVENT_SWIPE, com.google.android.material.snackbar.BaseTransientBottomBar.BaseCallback.DISMISS_EVENT_ACTION, com.google.android.material.snackbar.BaseTransientBottomBar.BaseCallback.DISMISS_EVENT_TIMEOUT, com.google.android.material.snackbar.BaseTransientBottomBar.BaseCallback.DISMISS_EVENT_MANUAL, com.google.android.material.snackbar.BaseTransientBottomBar.BaseCallback.DISMISS_EVENT_CONSECUTIVE}" />
    </annotation>
  </item>
  <item name="com.google.android.material.snackbar.BaseTransientBottomBar.BaseCallback void onDismissed(B, int) 1">
    <annotation name="androidx.annotation.IntDef">
      <val name="value" val="{com.google.android.material.snackbar.BaseTransientBottomBar.BaseCallback.DISMISS_EVENT_SWIPE, com.google.android.material.snackbar.BaseTransientBottomBar.BaseCallback.DISMISS_EVENT_ACTION, com.google.android.material.snackbar.BaseTransientBottomBar.BaseCallback.DISMISS_EVENT_TIMEOUT, com.google.android.material.snackbar.BaseTransientBottomBar.BaseCallback.DISMISS_EVENT_MANUAL, com.google.android.material.snackbar.BaseTransientBottomBar.BaseCallback.DISMISS_EVENT_CONSECUTIVE}" />
    </annotation>
  </item>
  <item name="com.google.android.material.snackbar.BaseTransientBottomBar.BaseCallback.DismissEvent">
    <annotation name="androidx.annotation.IntDef">
      <val name="value" val="{com.google.android.material.snackbar.BaseTransientBottomBar.BaseCallback.DISMISS_EVENT_SWIPE, com.google.android.material.snackbar.BaseTransientBottomBar.BaseCallback.DISMISS_EVENT_ACTION, com.google.android.material.snackbar.BaseTransientBottomBar.BaseCallback.DISMISS_EVENT_TIMEOUT, com.google.android.material.snackbar.BaseTransientBottomBar.BaseCallback.DISMISS_EVENT_MANUAL, com.google.android.material.snackbar.BaseTransientBottomBar.BaseCallback.DISMISS_EVENT_CONSECUTIVE}" />
    </annotation>
  </item>
  <item name="com.google.android.material.snackbar.BaseTransientBottomBar.Duration">
    <annotation name="androidx.annotation.IntDef">
      <val name="value" val="{com.google.android.material.snackbar.BaseTransientBottomBar.LENGTH_INDEFINITE, com.google.android.material.snackbar.BaseTransientBottomBar.LENGTH_SHORT, com.google.android.material.snackbar.BaseTransientBottomBar.LENGTH_LONG}" />
    </annotation>
  </item>
  <item name="com.google.android.material.snackbar.Snackbar com.google.android.material.snackbar.Snackbar make(android.view.View, int, int) 2">
    <annotation name="androidx.annotation.IntDef">
      <val name="value" val="{com.google.android.material.snackbar.Snackbar.LENGTH_INDEFINITE, com.google.android.material.snackbar.Snackbar.LENGTH_SHORT, com.google.android.material.snackbar.Snackbar.LENGTH_LONG}" />
    </annotation>
    <annotation name="androidx.annotation.IntRange">
      <val name="from" val="1" />
    </annotation>
  </item>
  <item name="com.google.android.material.snackbar.Snackbar com.google.android.material.snackbar.Snackbar make(android.view.View, java.lang.CharSequence, int) 2">
    <annotation name="androidx.annotation.IntDef">
      <val name="value" val="{com.google.android.material.snackbar.Snackbar.LENGTH_INDEFINITE, com.google.android.material.snackbar.Snackbar.LENGTH_SHORT, com.google.android.material.snackbar.Snackbar.LENGTH_LONG}" />
    </annotation>
    <annotation name="androidx.annotation.IntRange">
      <val name="from" val="1" />
    </annotation>
  </item>
  <item name="com.google.android.material.snackbar.Snackbar.Callback void onDismissed(com.google.android.material.snackbar.Snackbar, int) 1">
    <annotation name="androidx.annotation.IntDef">
      <val name="value" val="{com.google.android.material.snackbar.BaseTransientBottomBar.BaseCallback.DISMISS_EVENT_SWIPE, com.google.android.material.snackbar.BaseTransientBottomBar.BaseCallback.DISMISS_EVENT_ACTION, com.google.android.material.snackbar.BaseTransientBottomBar.BaseCallback.DISMISS_EVENT_TIMEOUT, com.google.android.material.snackbar.BaseTransientBottomBar.BaseCallback.DISMISS_EVENT_MANUAL, com.google.android.material.snackbar.BaseTransientBottomBar.BaseCallback.DISMISS_EVENT_CONSECUTIVE}" />
    </annotation>
  </item>
  <item name="com.google.android.material.snackbar.Snackbar.Duration">
    <annotation name="androidx.annotation.IntDef">
      <val name="value" val="{com.google.android.material.snackbar.Snackbar.LENGTH_INDEFINITE, com.google.android.material.snackbar.Snackbar.LENGTH_SHORT, com.google.android.material.snackbar.Snackbar.LENGTH_LONG}" />
    </annotation>
  </item>
</root>

