<?xml version="1.0" encoding="UTF-8"?>
<root>
  <item name="com.google.android.material.bottomsheet.BottomSheetBehavior int getState()">
    <annotation name="androidx.annotation.IntDef">
      <val name="value" val="{com.google.android.material.bottomsheet.BottomSheetBehavior.STATE_EXPANDED, com.google.android.material.bottomsheet.BottomSheetBehavior.STATE_COLLAPSED, com.google.android.material.bottomsheet.BottomSheetBehavior.STATE_DRAGGING, com.google.android.material.bottomsheet.BottomSheetBehavior.STATE_SETTLING, com.google.android.material.bottomsheet.BottomSheetBehavior.STATE_HIDDEN, com.google.android.material.bottomsheet.BottomSheetBehavior.STATE_HALF_EXPANDED}" />
    </annotation>
  </item>
  <item name="com.google.android.material.bottomsheet.BottomSheetBehavior state">
    <annotation name="androidx.annotation.IntDef">
      <val name="value" val="{com.google.android.material.bottomsheet.BottomSheetBehavior.STATE_EXPANDED, com.google.android.material.bottomsheet.BottomSheetBehavior.STATE_COLLAPSED, com.google.android.material.bottomsheet.BottomSheetBehavior.STATE_DRAGGING, com.google.android.material.bottomsheet.BottomSheetBehavior.STATE_SETTLING, com.google.android.material.bottomsheet.BottomSheetBehavior.STATE_HIDDEN, com.google.android.material.bottomsheet.BottomSheetBehavior.STATE_HALF_EXPANDED}" />
    </annotation>
  </item>
  <item name="com.google.android.material.bottomsheet.BottomSheetBehavior void setState(int) 0">
    <annotation name="androidx.annotation.IntDef">
      <val name="value" val="{com.google.android.material.bottomsheet.BottomSheetBehavior.STATE_EXPANDED, com.google.android.material.bottomsheet.BottomSheetBehavior.STATE_COLLAPSED, com.google.android.material.bottomsheet.BottomSheetBehavior.STATE_DRAGGING, com.google.android.material.bottomsheet.BottomSheetBehavior.STATE_SETTLING, com.google.android.material.bottomsheet.BottomSheetBehavior.STATE_HIDDEN, com.google.android.material.bottomsheet.BottomSheetBehavior.STATE_HALF_EXPANDED}" />
    </annotation>
  </item>
  <item name="com.google.android.material.bottomsheet.BottomSheetBehavior void setStateInternal(int) 0">
    <annotation name="androidx.annotation.IntDef">
      <val name="value" val="{com.google.android.material.bottomsheet.BottomSheetBehavior.STATE_EXPANDED, com.google.android.material.bottomsheet.BottomSheetBehavior.STATE_COLLAPSED, com.google.android.material.bottomsheet.BottomSheetBehavior.STATE_DRAGGING, com.google.android.material.bottomsheet.BottomSheetBehavior.STATE_SETTLING, com.google.android.material.bottomsheet.BottomSheetBehavior.STATE_HIDDEN, com.google.android.material.bottomsheet.BottomSheetBehavior.STATE_HALF_EXPANDED}" />
    </annotation>
  </item>
  <item name="com.google.android.material.bottomsheet.BottomSheetBehavior.BottomSheetCallback void onStateChanged(android.view.View, int) 1">
    <annotation name="androidx.annotation.IntDef">
      <val name="value" val="{com.google.android.material.bottomsheet.BottomSheetBehavior.STATE_EXPANDED, com.google.android.material.bottomsheet.BottomSheetBehavior.STATE_COLLAPSED, com.google.android.material.bottomsheet.BottomSheetBehavior.STATE_DRAGGING, com.google.android.material.bottomsheet.BottomSheetBehavior.STATE_SETTLING, com.google.android.material.bottomsheet.BottomSheetBehavior.STATE_HIDDEN, com.google.android.material.bottomsheet.BottomSheetBehavior.STATE_HALF_EXPANDED}" />
    </annotation>
  </item>
  <item name="com.google.android.material.bottomsheet.BottomSheetBehavior.SavedState SavedState(android.os.Parcelable, int) 1">
    <annotation name="androidx.annotation.IntDef">
      <val name="value" val="{com.google.android.material.bottomsheet.BottomSheetBehavior.STATE_EXPANDED, com.google.android.material.bottomsheet.BottomSheetBehavior.STATE_COLLAPSED, com.google.android.material.bottomsheet.BottomSheetBehavior.STATE_DRAGGING, com.google.android.material.bottomsheet.BottomSheetBehavior.STATE_SETTLING, com.google.android.material.bottomsheet.BottomSheetBehavior.STATE_HIDDEN, com.google.android.material.bottomsheet.BottomSheetBehavior.STATE_HALF_EXPANDED}" />
    </annotation>
  </item>
  <item name="com.google.android.material.bottomsheet.BottomSheetBehavior.SavedState state">
    <annotation name="androidx.annotation.IntDef">
      <val name="value" val="{com.google.android.material.bottomsheet.BottomSheetBehavior.STATE_EXPANDED, com.google.android.material.bottomsheet.BottomSheetBehavior.STATE_COLLAPSED, com.google.android.material.bottomsheet.BottomSheetBehavior.STATE_DRAGGING, com.google.android.material.bottomsheet.BottomSheetBehavior.STATE_SETTLING, com.google.android.material.bottomsheet.BottomSheetBehavior.STATE_HIDDEN, com.google.android.material.bottomsheet.BottomSheetBehavior.STATE_HALF_EXPANDED}" />
    </annotation>
  </item>
  <item name="com.google.android.material.bottomsheet.BottomSheetBehavior.SettleRunnable SettleRunnable(android.view.View, int) 1">
    <annotation name="androidx.annotation.IntDef">
      <val name="value" val="{com.google.android.material.bottomsheet.BottomSheetBehavior.STATE_EXPANDED, com.google.android.material.bottomsheet.BottomSheetBehavior.STATE_COLLAPSED, com.google.android.material.bottomsheet.BottomSheetBehavior.STATE_DRAGGING, com.google.android.material.bottomsheet.BottomSheetBehavior.STATE_SETTLING, com.google.android.material.bottomsheet.BottomSheetBehavior.STATE_HIDDEN, com.google.android.material.bottomsheet.BottomSheetBehavior.STATE_HALF_EXPANDED}" />
    </annotation>
  </item>
  <item name="com.google.android.material.bottomsheet.BottomSheetBehavior.SettleRunnable targetState">
    <annotation name="androidx.annotation.IntDef">
      <val name="value" val="{com.google.android.material.bottomsheet.BottomSheetBehavior.STATE_EXPANDED, com.google.android.material.bottomsheet.BottomSheetBehavior.STATE_COLLAPSED, com.google.android.material.bottomsheet.BottomSheetBehavior.STATE_DRAGGING, com.google.android.material.bottomsheet.BottomSheetBehavior.STATE_SETTLING, com.google.android.material.bottomsheet.BottomSheetBehavior.STATE_HIDDEN, com.google.android.material.bottomsheet.BottomSheetBehavior.STATE_HALF_EXPANDED}" />
    </annotation>
  </item>
  <item name="com.google.android.material.bottomsheet.BottomSheetBehavior.State">
    <annotation name="androidx.annotation.IntDef">
      <val name="value" val="{com.google.android.material.bottomsheet.BottomSheetBehavior.STATE_EXPANDED, com.google.android.material.bottomsheet.BottomSheetBehavior.STATE_COLLAPSED, com.google.android.material.bottomsheet.BottomSheetBehavior.STATE_DRAGGING, com.google.android.material.bottomsheet.BottomSheetBehavior.STATE_SETTLING, com.google.android.material.bottomsheet.BottomSheetBehavior.STATE_HIDDEN, com.google.android.material.bottomsheet.BottomSheetBehavior.STATE_HALF_EXPANDED}" />
    </annotation>
  </item>
</root>

