<?xml version="1.0" encoding="UTF-8"?>
<root>
  <item name="com.google.android.material.button.MaterialButton iconGravity">
    <annotation name="androidx.annotation.IntDef">
      <val name="value" val="{com.google.android.material.button.MaterialButton.ICON_GRAVITY_START, com.google.android.material.button.MaterialButton.ICON_GRAVITY_TEXT_START}" />
    </annotation>
  </item>
  <item name="com.google.android.material.button.MaterialButton int getIconGravity()">
    <annotation name="androidx.annotation.IntDef">
      <val name="value" val="{com.google.android.material.button.MaterialButton.ICON_GRAVITY_START, com.google.android.material.button.MaterialButton.ICON_GRAVITY_TEXT_START}" />
    </annotation>
  </item>
  <item name="com.google.android.material.button.MaterialButton void setIconGravity(int) 0">
    <annotation name="androidx.annotation.IntDef">
      <val name="value" val="{com.google.android.material.button.MaterialButton.ICON_GRAVITY_START, com.google.android.material.button.MaterialButton.ICON_GRAVITY_TEXT_START}" />
    </annotation>
  </item>
  <item name="com.google.android.material.button.MaterialButton.IconGravity">
    <annotation name="androidx.annotation.IntDef">
      <val name="value" val="{com.google.android.material.button.MaterialButton.ICON_GRAVITY_START, com.google.android.material.button.MaterialButton.ICON_GRAVITY_TEXT_START}" />
    </annotation>
  </item>
</root>

